{"linearization_points": [[24.23557125231267, 22.203296088680517, 31.31829715096487], [5.177068276976897, 8.86202544990801, 19.39392277495892]], "factor_to_variable_messages": {"message means": [[[17.480508644264066, 24.31423063330989, 1.5863434345777563], [1.2525516040379827, 5.288881031597075, 17.455140298894015]], [[19.017476645374305, 4.9168052547119885, 26.45354733058476], [15.793717269527939, 16.50598958931614, 11.403031063350305]]], "message precisions": [[[45.477088159569306, 34.40766244615165, 40.714475113152645, 34.40766244615165, 42.11470961931333, 33.13818030273864, 40.714475113152645, 33.13818030273864, 38.33164912455451], [27.87158579971467, 39.10215938888905, 30.676942698089366, 39.10215938888905, 62.27445614623287, 53.826899000483195, 30.676942698089366, 53.826899000483195, 49.475405981209136]], [[55.36020052267665, 40.30982574162309, 32.41637352289652, 40.30982574162309, 34.2950709711262, 27.428124770622752, 32.41637352289652, 27.428124770622752, 22.000377715146556], [51.355561903242815, 39.10056157430573, 18.333081957262486, 39.10056157430573, 53.68550423888105, 14.261937512406156, 18.333081957262486, 14.261937512406156, 8.790302477050117]]]}, "variable_to_factor_messages": {"message means": [[[4.022247039483123, 16.150064035575927, 23.215357556118676], [21.559001910951174, 6.056584073490068, 6.899422056873391]], [[4.300119075892063, 21.875157788815862, 3.6006034916424277], [20.03840785288523, 16.840410067070074, 25.138098436153346]]], "message precisions": [[[56.93971295372338, 50.93390478019669, 23.53050996616406, 50.93390478019669, 53.81595138819745, 21.212572876177994, 23.53050996616406, 21.212572876177994, 16.416302075043298], [61.2157760231917, 61.46539876916929, 38.1028706572523, 61.46539876916929, 64.96114161939647, 42.22010590486538, 38.1028706572523, 42.22010590486538, 33.193047695116476]], [[42.64650386251675, 23.952675516655304, 30.79256431808454, 23.952675516655304, 27.692030432281452, 20.026685648753993, 30.79256431808454, 20.026685648753993, 24.903873687901545], [17.567141824372563, 7.762209276601431, 14.272683707076045, 7.762209276601431, 25.03771897882874, 4.215474994424255, 14.272683707076045, 4.215474994424255, 15.431571230247357]]]}}